{
    "Emphysema": {
        "acc (balanced)": 0.5324965149551224,
        "f1 (weighted)": 0.22990780122769472,
        "recall": 0.9838709677419355,
        "precision": 0.28705882352941176,
        "auc": 0.7636283597055442,
        "* acc (balanced)": 0.7129476584022039,
        "* f1 (weighted)": 0.7245213399441098,
        "* recall": 0.657258064516129,
        "* precision": 0.4815361890694239
    },
    "Atelectasis": {
        "acc (balanced)": 0.5596589837413708,
        "f1 (weighted)": 0.4299467175885697,
        "recall": 0.8438077634011091,
        "precision": 0.33091699891264953,
        "auc": 0.6306142035941349,
        "* acc (balanced)": 0.6201101928374656,
        "* f1 (weighted)": 0.633692254601934,
        "* recall": 0.5508317929759704,
        "* precision": 0.40026863666890533
    },
    "Lung nodule": {
        "acc (balanced)": 0.5788956269123284,
        "f1 (weighted)": 0.7497323210660748,
        "recall": 0.9144050104384134,
        "precision": 0.82125,
        "auc": 0.6428845275835534,
        "* acc (balanced)": 0.6699724517906336,
        "* f1 (weighted)": 0.6946993833879543,
        "* recall": 0.7080723729993041,
        "* precision": 0.8500417710944027
    },
    "Lung opacity": {
        "acc (balanced)": 0.6075344505096003,
        "f1 (weighted)": 0.5895096138714813,
        "recall": 0.46342710997442454,
        "precision": 0.6853252647503782,
        "auc": 0.6624415009352216,
        "* acc (balanced)": 0.6176308539944904,
        "* f1 (weighted)": 0.618158977245936,
        "* recall": 0.618925831202046,
        "* precision": 0.652995143011333
    },
    "Pulmonary fibrotic sequela": {
        "acc (balanced)": 0.7002023023171846,
        "f1 (weighted)": 0.6178104654803467,
        "recall": 0.9016736401673641,
        "precision": 0.2143212332173048,
        "auc": 0.8428377147802817,
        "* acc (balanced)": 0.7820936639118458,
        "* f1 (weighted)": 0.8113937883392862,
        "* recall": 0.7447698744769874,
        "* precision": 0.3473170731707317
    },
    "Pleural effusion": {
        "acc (balanced)": 0.805799957450458,
        "f1 (weighted)": 0.7709094213860742,
        "recall": 0.9050894085281981,
        "precision": 0.4357615894039735,
        "auc": 0.9198441018895693,
        "* acc (balanced)": 0.8754820936639118,
        "* f1 (weighted)": 0.8808323164727256,
        "* recall": 0.828060522696011,
        "* precision": 0.6480086114101185
    },
    "Peribronchial thickening": {
        "acc (balanced)": 0.5641072503655286,
        "f1 (weighted)": 0.37584920733766913,
        "recall": 0.8798701298701299,
        "precision": 0.09790462427745665,
        "auc": 0.6462412136328451,
        "* acc (balanced)": 0.6589531680440771,
        "* f1 (weighted)": 0.7340936767495647,
        "* recall": 0.564935064935065,
        "* precision": 0.13615023474178403
    },
    "Consolidation": {
        "acc (balanced)": 0.7298566336633663,
        "f1 (weighted)": 0.7667066557797347,
        "recall": 0.7326732673267327,
        "precision": 0.30253475061324614,
        "auc": 0.7994759603960396,
        "* acc (balanced)": 0.7476584022038567,
        "* f1 (weighted)": 0.7818925660171084,
        "* recall": 0.7128712871287128,
        "* precision": 0.3183023872679045
    },
    "Bronchiectasis": {
        "acc (balanced)": 0.5669380203515264,
        "f1 (weighted)": 0.2811673651945447,
        "recall": 0.9721739130434782,
        "precision": 0.17916666666666667,
        "auc": 0.7183098270831851,
        "* acc (balanced)": 0.6575757575757576,
        "* f1 (weighted)": 0.7028584470031767,
        "* recall": 0.6730434782608695,
        "* precision": 0.268377253814147
    },
    "Interlobular septal thickening": {
        "acc (balanced)": 0.6289647297640193,
        "f1 (weighted)": 0.4950907575447408,
        "recall": 0.9047619047619048,
        "precision": 0.09448818897637795,
        "auc": 0.7456170646667982,
        "* acc (balanced)": 0.656198347107438,
        "* f1 (weighted)": 0.7406425785480139,
        "* recall": 0.7142857142857143,
        "* precision": 0.13274336283185842
    },
    "Cardiomegaly": {
        "acc (balanced)": 0.654724294579383,
        "f1 (weighted)": 0.49153010118502294,
        "recall": 0.9568527918781726,
        "precision": 0.15250809061488674,
        "auc": 0.8210612839063078,
        "* acc (balanced)": 0.7316804407713499,
        "* f1 (weighted)": 0.7801296178475773,
        "* recall": 0.7614213197969543,
        "* precision": 0.2542372881355932
    },
    "Pericardial effusion": {
        "acc (balanced)": 0.5983360948294485,
        "f1 (weighted)": 0.6087107472090763,
        "recall": 0.6714031971580817,
        "precision": 0.20610687022900764,
        "auc": 0.6458594063545877,
        "* acc (balanced)": 0.6024793388429752,
        "* f1 (weighted)": 0.6572583275022984,
        "* recall": 0.6074600355239786,
        "* precision": 0.2186700767263427
    },
    "Hiatal hernia": {
        "acc (balanced)": 0.5300137652564927,
        "f1 (weighted)": 0.21840288898614457,
        "recall": 0.9364705882352942,
        "precision": 0.12410352354225132,
        "auc": 0.6051408644581078,
        "* acc (balanced)": 0.5977961432506887,
        "* f1 (weighted)": 0.66955418367436,
        "* recall": 0.5270588235294118,
        "* precision": 0.15104517869184086
    },
    "Calcification": {
        "acc (balanced)": 0.5721620661526722,
        "f1 (weighted)": 0.673398130571246,
        "recall": 0.9430132708821234,
        "precision": 0.7390639339247477,
        "auc": 0.6812578027465668,
        "* acc (balanced)": 0.646831955922865,
        "* f1 (weighted)": 0.6602469889550481,
        "* recall": 0.6658860265417642,
        "* precision": 0.800187617260788
    },
    "mean": {
        "mean acc (balanced)": 0.61640647791775,
        "mean f1 (weighted)": 0.5213337281734586,
        "mean recall": 0.8578209259576688,
        "mean precision": 0.3336078970470256
    },
    "* mean": {
        "mean auc": 0.7232295594094816,
        "* mean acc (balanced)": 0.6841007477371115,
        "* mean f1 (weighted)": 0.720712460449221,
        "* mean recall": 0.6667771577763513,
        "* mean precision": 0.40427720170679815
    }
}